,name,address,sido,gungu
0,강원강릉시내곡점,,강원도,강릉시
1,강원강릉시사천해변점,,강원도,강릉시
2,강원강릉시솔올점,,강원도,강릉시
3,강원강릉시입암점,,강원도,강릉시
4,강원강릉시주문진점,,강원도,강릉시
5,강원강릉시초당점,,강원도,강릉시
6,강원강릉시포남1점,,강원도,강릉시
7,강원강릉시홍제점,,강원도,강릉시
8,강원동해시망상점,,강원도,동해시
9,강원동해시부곡점,,강원도,동해시
10,강원동해시천곡점,,강원도,동해시
11,강원동해시효가점,,강원도,동해시
12,강원삼척시교동점,,강원도,삼척시
13,강원속초시교동점,,강원도,속초시
14,강원속초시금호점,,강원도,속초시
15,강원속초시조양점,,강원도,속초시
16,강원양구군동면점,,강원도,양구군
17,강원양구군방산점,,강원도,양구군
18,강원양구군양구점,,강원도,양구군
19,강원양양군양양점,,강원도,양양군
20,강원양양군하조대점,,강원도,양양군
21,강원영월군영월점,,강원도,영월군
22,강원원주시개운단구점,,강원도,원주시
23,강원원주시단계점,,강원도,원주시
24,강원원주시단관점,,강원도,원주시
25,강원원주시명륜점,,강원도,원주시
26,강원원주시무실점,,강원도,원주시
27,강원원주시문막점,,강원도,원주시
28,강원원주시반곡봉산점,,강원도,원주시
29,강원원주시태장점,,강원도,원주시
30,강원원주시혁신도시점,,강원도,원주시
31,강원인제군서화점[B],,강원도,인제군
32,강원인제군신남점,,강원도,인제군
33,강원인제군인제점,,강원도,인제군
34,강원인제군현리점,,강원도,인제군
35,강원정선군정선점,,강원도,정선군
36,강원철원군내대리점,,강원도,철원군
37,강원철원군동송점,,강원도,철원군
38,강원철원군신철원점,,강원도,철원군
39,강원철원군와수리점,,강원도,철원군
40,강원철원군자등리점,,강원도,철원군
41,강원철원군지경리점,,강원도,철원군
42,강원춘천시강북점,,강원도,춘천시
43,강원춘천시교동후평점,,강원도,춘천시
44,강원춘천시석사점,,강원도,춘천시
45,강원춘천시칠전송암점,,강원도,춘천시
46,강원춘천시퇴계점,,강원도,춘천시
47,강원춘천시효자점,,강원도,춘천시
48,강원태백시장성점,,강원도,태백시
49,강원태백시태백점,,강원도,태백시
50,강원평창군대관령점,,강원도,평창군
51,강원평창군봉평점,,강원도,평창군
52,강원평창군장평점,,강원도,평창군
53,강원평창군진부점,,강원도,평창군
54,강원홍천군대명비발디점,,강원도,홍천군
55,강원홍천군시동점,,강원도,홍천군
56,강원홍천군홍천점,,강원도,홍천군
57,강원화천군다목리점,,강원도,화천군
58,강원화천군사내점,,강원도,화천군
59,강원화천군산양리점,,강원도,화천군
60,강원화천군화천점,,강원도,화천군
61,강원횡성군횡성점,,강원도,횡성군
62,경기가평군가평점,,경기도,가평군
63,경기가평군북면점,,경기도,가평군
64,경기가평군청평점,,경기도,가평군
65,경기가평군현리점,,경기도,가평군
66,경기고양시가좌점,,경기도,고양시
67,경기고양시고양동점,,경기도,고양시
68,경기고양시관산점,,경기도,고양시
69,경기고양시능곡점,,경기도,시흥시
70,경기고양시대화점,,경기도,고양시
71,경기고양시덕이점,,경기도,고양시
72,경기고양시라페스타점,,경기도,고양시
73,경기고양시문촌점,,경기도,고양시
74,경기고양시백마점,,경기도,고양시
75,경기고양시백석1점,,경기도,고양시
76,경기고양시성사점,,경기도,고양시
77,경기고양시성석점,,경기도,고양시
78,경기고양시식사동점,,경기도,고양시
79,경기고양시신원점,,경기도,고양시
80,경기고양시일산점,,경기도,고양시
81,경기고양시주교점,,경기도,고양시
82,경기고양시주엽1점,,경기도,고양시
83,경기고양시중산점,,경기도,고양시
84,경기고양시풍동점,,경기도,고양시
85,경기고양시행신2점,,경기도,고양시
86,경기고양시행신3점,,경기도,고양시
87,경기고양시화정1점,,경기도,고양시
88,경기고양시화정2점,,경기도,고양시
89,경기과천시과천1점,,경기도,과천시
90,경기광명시광명사거리점,,경기도,광명시
91,경기광명시광명시장점,,경기도,광명시
92,경기광명시광명KTX역점,,경기도,광명시
93,경기광명시소하점,,경기도,광명시
94,경기광명시철산역점,,경기도,광명시
95,경기광명시철산점,,경기도,광명시
96,경기광명시하안점,,경기도,광명시
97,경기광주시곤지암점,,경기도,광주시
98,경기광주시광주점,,경기도,광주시
99,경기광주시신현점,,경기도,광주시
100,경기광주시양벌점,,경기도,광주시
101,경기광주시오포2호점,,경기도,광주시
102,경기광주시태전점,,경기도,광주시
103,경기구리시교문점,,경기도,구리시
104,경기구리시수택점,,경기도,구리시
105,경기구리시인창점,,경기도,구리시
106,경기군포시군포점,,경기도,군포시
107,경기군포시금정점,,경기도,군포시
108,경기군포시대야미점,,경기도,군포시
109,경기군포시산본목련점,,경기도,군포시
110,경기군포시산본역점[B],,경기도,군포시
111,경기김포시고촌점,,경기도,김포시
112,경기김포시김포1호점,,경기도,김포시
113,경기김포시마송점,,경기도,김포시
114,경기김포시양곡점,,경기도,김포시
115,경기김포시장기점,,경기도,김포시
116,경기김포시풍무점,,경기도,김포시
117,경기남양주시광릉내점,,경기도,남양주시
118,경기남양주시금곡점,,경기도,남양주시
119,경기남양주시덕소2호점,,경기도,남양주시
120,경기남양주시덕소점[B],,경기도,남양주시
121,경기남양주시도농점,,경기도,남양주시
122,경기남양주시별내2호점,,경기도,남양주시
123,경기남양주시별내점,,경기도,남양주시
124,경기남양주시사능점,,경기도,남양주시
125,경기남양주시수동점,,경기도,남양주시
126,경기남양주시오남리점,,경기도,남양주시
127,경기남양주시월산점,,경기도,남양주시
128,경기남양주시진접지구점,,경기도,남양주시
129,경기남양주시창현점,,경기도,남양주시
130,경기남양주시천마산점,,경기도,남양주시
131,경기남양주시퇴계원점,,경기도,남양주시
132,경기남양주시평내점,,경기도,남양주시
133,경기남양주시호평점,,경기도,남양주시
134,경기동두천시생연점,,경기도,동두천시
135,경기동두천시송내지구점,,경기도,동두천시
136,경기동두천시중앙점,,경기도,동두천시
137,경기부천시고강점,,경기도,부천시
138,경기부천시범박점,,경기도,부천시
139,경기부천시상동북부점,,경기도,부천시
140,경기부천시상동점,,경기도,부천시
141,경기부천시소사점,,경기도,부천시
142,경기부천시송내점,,경기도,부천시
143,경기부천시심곡북부점,,경기도,부천시
144,경기부천시심곡점,,경기도,부천시
145,경기부천시여월점,,경기도,부천시
146,경기부천시역곡남부점,,경기도,부천시
147,경기부천시역곡점,,경기도,부천시
148,경기부천시오정점,,경기도,부천시
149,경기부천시원미점,,경기도,부천시
150,경기부천시원종점,,경기도,부천시
151,경기부천시중동1점,,경기도,부천시
152,경기부천시중동약대점,,경기도,부천시
153,경기성남시구미점,,경기도,성남시
154,경기성남시금광점,,경기도,성남시
155,경기성남시단대오거리점,,경기도,성남시
156,경기성남시동판교점[B],,경기도,성남시
157,경기성남시상대원점,,경기도,성남시
158,경기성남시서판교점,,경기도,성남시
159,경기성남시서현점[B],,경기도,성남시
160,경기성남시성남점,,경기도,성남시
161,경기성남시수내점[B],,경기도,성남시
162,경기성남시수진점,,경기도,성남시
163,경기성남시신흥점,,경기도,성남시
164,경기성남시야탑점,,경기도,성남시
165,경기성남시위례중앙점,,경기도,성남시
166,경기성남시이매점,,경기도,성남시
167,경기성남시정자2호점,,경기도,성남시
168,경기성남시정자점,,경기도,성남시
169,경기성남시태평점,,경기도,성남시
170,경기수원시고색오목점,,경기도,수원시
171,경기수원시곡반정점,,경기도,수원시
172,경기수원시광교1호점,,경기도,수원시
173,경기수원시구운탑동점,,경기도,수원시
174,경기수원시권선점[B],,경기도,수원시
175,경기수원시매교세류점,,경기도,수원시
176,경기수원시매탄2동점,,경기도,수원시
177,경기수원시매탄권선점,,경기도,수원시
178,경기수원시세류2호점,,경기도,수원시
179,경기수원시신매탄점,,경기도,수원시
180,경기수원시신영통점,,경기도,수원시
181,경기수원시연무점[B],,경기도,수원시
182,경기수원시영통1호점,,경기도,수원시
183,경기수원시영화점[B],,경기도,수원시
184,경기수원시우만점,,경기도,수원시
185,경기수원시율천점,,경기도,수원시
186,경기수원시인계점,,경기도,수원시
187,경기수원시인계중앙점,,경기도,수원시
188,경기수원시정자1동점,,경기도,수원시
189,경기수원시정자2동점,,경기도,수원시
190,경기수원시조원점,,경기도,수원시
191,경기수원시호매실점,,경기도,수원시
192,경기수원시화서꽃뫼점[B],,경기도,수원시
193,경기수원시화서점,,경기도,수원시
194,경기시흥시거모점[B],,경기도,시흥시
195,경기시흥시능곡점,,경기도,시흥시
196,경기시흥시목감점,,경기도,시흥시
197,경기시흥시시화점,,경기도,시흥시
198,경기시흥시신천점[B],,경기도,시흥시
199,경기시흥시연성2지구점,,경기도,시흥시
200,경기시흥시오이도역점,,경기도,시흥시
201,경기시흥시월곶점,,경기도,시흥시
202,경기시흥시은행점,,경기도,시흥시
203,경기시흥시정왕점,,경기도,시흥시
204,경기안산시본오1호점,,경기도,안산시
205,경기안산시본오2호점,,경기도,안산시
206,경기안산시사동점,,경기도,안산시
207,경기안산시선부1동점,,경기도,안산시
208,경기안산시선부1점,,경기도,안산시
209,경기안산시신길지구점,,경기도,안산시
210,경기안산시신도시점,,경기도,안산시
211,경기안산시와동점,,경기도,안산시
212,경기안산시원곡점,,경기도,안산시
213,경기안산시월피점,,경기도,안산시
214,경기안산시일동점,,경기도,안산시
215,경기안산시중앙점[B],,경기도,안산시
216,경기안산시초지점,,경기도,안산시
217,경기안성시공도2점,,경기도,안성시
218,경기안성시동아방송대점,,경기도,안성시
219,경기안성시안성1점[B],,경기도,안성시
220,경기안성시일죽점,,경기도,안성시
221,경기안성시죽산점,,경기도,안성시
222,경기안성시중앙대점[B],,경기도,안성시
223,경기안성시홍익점,,경기도,안성시
224,경기안양시관양비산점,,경기도,안양시
225,경기안양시관양지구점,,경기도,안양시
226,경기안양시박달점,,경기도,안양시
227,경기안양시비산1호점,,경기도,안양시
228,경기안양시석수점,,경기도,안양시
229,경기안양시안양1호점,,경기도,안양시
230,경기안양시안양2호점,,경기도,안양시
231,경기안양시평촌1호점,,경기도,안양시
232,경기안양시평촌2호점,,경기도,안양시
233,경기안양시호계2호점,,경기도,안양시
234,경기안양시호계갈산점,,경기도,안양시
235,경기안양시호계오전점,,경기도,안양시
236,경기양주시고읍지구점,,경기도,양주시
237,경기양주시광적점,,경기도,양주시
238,경기양주시덕계점,,경기도,양주시
239,경기양주시덕정점,,경기도,양주시
240,경기양주시백석점,,경기도,양주시
241,경기양주시송추점,,경기도,양주시
242,경기양주시신산점,,경기도,양주시
243,경기양주시은현점,,경기도,양주시
244,경기양주시장흥점,,경기도,양주시
245,경기양평군양평점,,경기도,양평군
246,경기양평군용두리점,,경기도,양평군
247,경기양평군용문점,,경기도,양평군
248,경기양평군한화리조트점,,경기도,양평군
249,경기여주시가남점,,경기도,여주시
250,경기여주시여주점,,경기도,여주시
251,경기여주시오학점,,경기도,여주시
252,경기연천군군남점,,경기도,연천군
253,경기연천군대광리점,,경기도,연천군
254,경기연천군백학점,,경기도,연천군
255,경기연천군연천점,,경기도,연천군
256,경기연천군전곡점,,경기도,연천군
257,경기오산시궐동점,,경기도,오산시
258,경기오산시세교신도시점,,경기도,오산시
259,경기오산시운암1점,,경기도,오산시
260,경기오산시원동갈곶점,,경기도,오산시
261,경기용인시강남대점,,경기도,용인시
262,경기용인시구성점,,경기도,용인시
263,경기용인시동백지구점,,경기도,용인시
264,경기용인시둔전점[B],,경기도,용인시
265,경기용인시모현점,,경기도,용인시
266,경기용인시백암점,,경기도,용인시
267,경기용인시보라점,,경기도,용인시
268,경기용인시상갈점,,경기도,용인시
269,경기용인시상현점,,경기도,용인시
270,경기용인시서천점,,경기도,용인시
271,경기용인시수지2지구점,,경기도,용인시
272,경기용인시신갈점,,경기도,용인시
273,경기용인시신봉점,,경기도,용인시
274,경기용인시양지점,,경기도,용인시
275,경기용인시용인1호점,,경기도,용인시
276,경기용인시죽전1호점,,경기도,용인시
277,경기용인시죽전2호점,,경기도,용인시
278,경기용인시풍덕천점,,경기도,용인시
279,경기용인시흥덕지구점[B],,경기도,용인시
280,경기의왕시내손동점,,경기도,의왕시
281,경기의왕시부곡점,,경기도,의왕시
282,경기의정부시가능2점,,경기도,의정부시
283,경기의정부시가능3점,,경기도,의정부시
284,경기의정부시금오점,,경기도,의정부시
285,경기의정부시금오지구점,,경기도,의정부시
286,경기의정부시녹양점,,경기도,의정부시
287,경기의정부시망월사역점,,경기도,의정부시
288,경기의정부시민락용현점,,경기도,의정부시
289,경기의정부시신곡점,,경기도,의정부시
290,경기의정부시신시가지점,,경기도,의정부시
291,경기의정부시의정부1점,,경기도,의정부시
292,경기의정부시장암점,,경기도,의정부시
293,경기의정부시호원점,,경기도,의정부시
294,경기이천시갈산점,,경기도,이천시
295,경기이천시관고동점,,경기도,이천시
296,경기이천시아미점,,경기도,이천시
297,경기파주시광탄점,,경기도,파주시
298,경기파주시금촌2동점,,경기도,파주시
299,경기파주시문산점,,경기도,파주시
300,경기파주시법원점,,경기도,파주시
301,경기파주시봉일천점,,경기도,파주시
302,경기파주시선유점,,경기도,파주시
303,경기파주시운정1점,,경기도,파주시
304,경기파주시운정3점,,경기도,파주시
305,경기파주시적성점,,경기도,파주시
306,경기파주시LCD점,,경기도,파주시
307,경기평택시비전1호점,,경기도,평택시
308,경기평택시세교점,,경기도,평택시
309,경기평택시소사벌점,,경기도,평택시
310,경기평택시안중점,,경기도,평택시
311,경기평택시용이지구점,,경기도,평택시
312,경기평택시이충장당점,,경기도,평택시
313,경기평택시지산점,,경기도,평택시
314,경기평택시청북점,,경기도,평택시
315,경기평택시팽성점[B],,경기도,평택시
316,경기평택시포승점,,경기도,평택시
317,경기포천시가산점,,경기도,포천시
318,경기포천시내촌점,,경기도,포천시
319,경기포천시송우점,,경기도,포천시
320,경기포천시신읍리점,,경기도,포천시
321,경기포천시양문점,,경기도,포천시
322,경기포천시운천점,,경기도,포천시
323,경기포천시이동점,,경기도,포천시
324,경기포천시일동점,,경기도,포천시
325,경기하남시덕풍점,,경기도,하남시
326,경기하남시미사1점,,경기도,하남시
327,경기하남시신장점,,경기도,하남시
328,경기화성시남양점,,경기도,화성시
329,경기화성시동탄1호점,,경기도,화성시
330,경기화성시동탄2호점,,경기도,화성시
331,경기화성시동탄3호점,,경기도,화성시
332,경기화성시동탄역점,,경기도,화성시
333,경기화성시동탄청계점,,경기도,화성시
334,경기화성시병점1호점,,경기도,화성시
335,경기화성시봉담점,,경기도,화성시
336,경기화성시안녕점,,경기도,화성시
337,경기화성시와우리점[B],,경기도,화성시
338,경기화성시팔탄점,,경기도,화성시
339,경기화성시향남1지구점,,경기도,화성시
340,경기화성시향남2지구점,,경기도,화성시
341,경남거제시거제면점,,경상남도,거제시
342,경남거제시상동점,,경상남도,거제시
343,경남거제시아주점,,경상남도,거제시
344,경남거제시옥포점,,경상남도,거제시
345,경남거제시장승포점,,경상남도,거제시
346,경남거제시장평점,,경상남도,거제시
347,경남거제시중곡점,,경상남도,거제시
348,경남거제시지세포점,,경상남도,거제시
349,경남거창군거창1점,,경상남도,거창군
350,경남고성군고성점,,경상남도,고성군
351,경남김해시동상점,,경상남도,김해시
352,경남김해시삼계점,,경상남도,김해시
353,경남김해시삼방점,,경상남도,김해시
354,경남김해시외동점,,경상남도,김해시
355,경남김해시율하1점,,경상남도,김해시
356,경남김해시장유1호점,,경상남도,김해시
357,경남김해시진례점,,경상남도,김해시
358,경남김해시진영점,,경상남도,김해시
359,경남김해시팔판점,,경상남도,김해시
360,경남김해시한림점,,경상남도,김해시
361,경남남해군남해점,,경상남도,남해군
362,경남남해군상주점,,경상남도,남해군
363,경남마산시해운점,,경상남도,창원시
364,경남마산시호계점,,경상남도,창원시
365,경남밀양시내일점,,경상남도,밀양시
366,경남밀양시삼문점,,경상남도,밀양시
367,경남사천시사천점[B],,경상남도,사천시
368,경남사천시삼천포점,,경상남도,사천시
369,경남산청군덕산점,,경상남도,산청군
370,경남양산시남부점,,경상남도,양산시
371,경남양산시덕계1호점,,경상남도,양산시
372,경남양산시범어점,,경상남도,양산시
373,경남양산시북정점,,경상남도,양산시
374,경남양산시서창점,,경상남도,양산시
375,경남양산시석산점,,경상남도,양산시
376,경남양산시어곡점,,경상남도,양산시
377,경남양산시증산1호점,,경상남도,양산시
378,경남의령군의령점,,경상남도,의령군
379,경남진주시가호점,,경상남도,진주시
380,경남진주시금산점,,경상남도,진주시
381,경남진주시도동점,,경상남도,진주시
382,경남진주시망경점,,경상남도,진주시
383,경남진주시문산혁신점,,경상남도,진주시
384,경남진주시상대점,,경상남도,진주시
385,경남진주시신안점,,경상남도,진주시
386,경남진주시중앙상봉점,,경상남도,진주시
387,경남진주시판문점,,경상남도,진주시
388,경남진해시석동점,,경상남도,창원시
389,경남창녕군남지점,,경상남도,창녕군
390,경남창녕군창녕점,,경상남도,창녕군
391,경남창원시가음점,,경상남도,창원시
392,경남창원시감계점,,경상남도,창원시
393,경남창원시내서삼계점,,경상남도,창원시
394,경남창원시대방점,,경상남도,창원시
395,경남창원시도계점,,경상남도,창원시
396,경남창원시동읍점,,경상남도,창원시
397,경남창원시명곡점,,경상남도,창원시
398,경남창원시반송1호점,,경상남도,창원시
399,경남창원시반지점,,경상남도,창원시
400,경남창원시봉곡점,,경상남도,창원시
401,경남창원시북면온천점,,경상남도,창원시
402,경남창원시사파점,,경상남도,창원시
403,경남창원시상남점,,경상남도,창원시
404,경남창원시석전점,,경상남도,창원시
405,경남창원시소답점,,경상남도,창원시
406,경남창원시양덕1호점,,경상남도,창원시
407,경남창원시용원점,,경상남도,창원시
408,경남창원시월영점,,경상남도,창원시
409,경남창원시중앙여좌점,,경상남도,창원시
410,경남창원시진동점,,경상남도,창원시
411,경남창원시창동점,,경상남도,창원시
412,경남창원시팔용점,,경상남도,창원시
413,경남창원시풍호점,,경상남도,창원시
414,경남창원시합성1호점[B],,경상남도,창원시
415,경남창원시회원점,,경상남도,창원시
416,경남창원시NC다이노스점,,경상남도,창원시
417,경남통영시봉평미수점,,경상남도,통영시
418,경남통영시북신점,,경상남도,통영시
419,경남통영시죽림점,,경상남도,창원시
420,경남하동군하동점,,경상남도,하동군
421,경남함안군군북점,,경상남도,함안군
422,경남함안군함안점,,경상남도,함안군
423,경남함양군서하점,,경상남도,함양군
424,경남함양군함양점,,경상남도,함양군
425,경남합천군합천점,,경상남도,합천군
426,경북경산시계양사동점,,경상북도,경산시
427,경북경산시서부백천점,,경상북도,경산시
428,경북경산시영대점,,경상북도,경산시
429,경북경산시옥산정평점,,경상북도,경산시
430,경북경산시진량점,,경상북도,경산시
431,경북경산시하양점,,경상북도,경산시
432,경북경주시강동점,,경상북도,경주시
433,경북경주시건천점,,경상북도,경주시
434,경북경주시금장점,,경상북도,경주시
435,경북경주시내남점,,경상북도,경주시
436,경북경주시동천점,,경상북도,경주시
437,경북경주시성건점,,경상북도,경주시
438,경북경주시안강점,,경상북도,경주시
439,경북경주시외동점,,경상북도,경주시
440,경북경주시충효점,,경상북도,경주시
441,경북경주시황성점,,경상북도,경주시
442,경북고령군고령점,,경상북도,고령군
443,경북구미시공단비산점,,경상북도,구미시
444,경북구미시봉곡도량점,,경상북도,구미시
445,경북구미시산동확장단지점,,경상북도,구미시
446,경북구미시상모사곡점,,경상북도,구미시
447,경북구미시선산점,,경상북도,구미시
448,경북구미시송정원평점,,경상북도,구미시
449,경북구미시신평점,,경상북도,구미시
450,경북구미시옥계점,,경상북도,구미시
451,경북구미시원호도량1동점,,경상북도,구미시
452,경북구미시인동점,,경상북도,구미시
453,경북구미시임수황상점,,경상북도,구미시
454,경북구미시형곡점,,경상북도,구미시
455,경북김천시김천1점,,경상북도,김천시
456,경북김천시덕곡율곡점,,경상북도,김천시
457,경북김천시신음삼락점,,경상북도,김천시
458,경북김천시아포점,,경상북도,김천시
459,경북문경시문경점,,경상북도,문경시
460,경북봉화군봉화점,,경상북도,봉화군
461,경북상주시상주2호점,,경상북도,상주시
462,경북상주시함창점,,경상북도,상주시
463,경북안동시안동점,,경상북도,안동시
464,경북안동시옥동송현점,,경상북도,안동시
465,경북안동시용상점,,경상북도,안동시
466,경북영덕군영덕점,,경상북도,영덕군
467,경북영덕군영해점,,경상북도,영덕군
468,경북영주시영주2점,,경상북도,영주시
469,경북영주시풍기점,,경상북도,영주시
470,경북영주시휴천점,,경상북도,영주시
471,경북영천시야사점,,경상북도,영천시
472,경북예천군예천점,,경상북도,예천군
473,경북울진군백암점,,경상북도,울진군
474,경북울진군북면점,,경상북도,울진군
475,경북울진군울진점,,경상북도,울진군
476,경북울진군죽변점,,경상북도,울진군
477,경북울진군후포점,,경상북도,울진군
478,경북의성군의성점,,경상북도,의성군
479,경북청도군청도점,,경상북도,청도군
480,경북칠곡군오태북삼점,,경상북도,칠곡군
481,경북칠곡군왜관점,,경상북도,칠곡군
482,경북칠곡군중리점,,경상북도,칠곡군
483,경북포항시남부점,,경상북도,포항시
484,경북포항시달전점,,경상북도,포항시
485,경북포항시대이점,,경상북도,포항시
486,경북포항시두호점,,경상북도,포항시
487,경북포항시송도점,,경상북도,포항시
488,경북포항시양덕점,,경상북도,포항시
489,경북포항시연일점,,경상북도,포항시
490,경북포항시오천점,,경상북도,포항시
491,경북포항시용흥점,,경상북도,포항시
492,경북포항시우현점,,경상북도,포항시
493,경북포항시장성점,,경상북도,포항시
494,경북포항시죽도점,,경상북도,포항시
495,경북포항시청하점,,경상북도,포항시
496,경북포항시해도점[B],,경상북도,남구
497,경북포항시효곡점,,경상북도,포항시
498,경북포항시흥해점,,경상북도,포항시
499,광주광산구산정점,,광주광역시,광산구
500,광주광산구선운점,,광주광역시,광산구
501,광주광산구송정1점,,광주광역시,광산구
502,광주광산구수완1점,,광주광역시,광산구
503,광주광산구신가점,,광주광역시,광산구
504,광주광산구우산소촌점,,광주광역시,광산구
505,광주광산구운남점,,광주광역시,광산구
506,광주광산구첨단1호점,,광주광역시,광산구
507,광주남구방림양림점,,광주광역시,남구
508,광주남구봉선1점,,광주광역시,남구
509,광주남구월산까치점,,광주광역시,남구
510,광주남구주월점,,광주광역시,남구
511,광주남구진월점,,광주광역시,남구
512,광주남구효천점,,광주광역시,남구
513,광주동구산수점,,광주광역시,동구
514,광주동구학동점,,광주광역시,동구
515,광주북구동림점,,광주광역시,북구
516,광주북구두암1점,,광주광역시,북구
517,광주북구문흥점,,광주광역시,북구
518,광주북구양산점,,광주광역시,북구
519,광주북구오치매곡점,,광주광역시,북구
520,광주북구용봉점,,광주광역시,북구
521,광주북구일곡점,,광주광역시,북구
522,광주북구중흥점,,광주광역시,북구
523,광주북구첨단2지구점,,광주광역시,북구
524,광주서구금호점,,광주광역시,서구
525,광주서구동천점,,광주광역시,서구
526,광주서구상무점,,광주광역시,서구
527,광주서구쌍촌1점,,광주광역시,서구
528,광주서구풍암점,,광주광역시,서구
529,광주서구화정1점,,광주광역시,서구
530,대구남구대명2점,,대구광역시,남구
531,대구남구대명남산점,,대구광역시,남구
532,대구남구봉덕점,,대구광역시,남구
533,대구달서구대곡역점,,대구광역시,달서구
534,대구달서구대곡진천점[B],,대구광역시,달서구
535,대구달서구두류광장점,,대구광역시,달서구
536,대구달서구상인점,,대구광역시,달서구
537,대구달서구성당점[B],,대구광역시,달서구
538,대구달서구성서점,,대구광역시,달서구
539,대구달서구송현점,,대구광역시,달서구
540,대구달서구신당점,,대구광역시,달서구
541,대구달서구신월배점,,대구광역시,달서구
542,대구달서구용산1점,,대구광역시,달서구
543,대구달서구이월드점,,대구광역시,달서구
544,대구달서구장기점,,대구광역시,달서구
545,대구달성군구지점,,대구광역시,달성군
546,대구달성군논공점,,대구광역시,달성군
547,대구달성군다사점,,대구광역시,달성군
548,대구달성군서재점,,대구광역시,달성군
549,대구달성군옥포점,,대구광역시,달성군
550,대구달성군현풍점,,대구광역시,달성군
551,대구달성군화원점,,대구광역시,달성군
552,대구동구동호점,,대구광역시,동구
553,대구동구방촌점,,대구광역시,동구
554,대구동구불로봉무점,,대구광역시,동구
555,대구동구신암동점,,대구광역시,동구
556,대구동구신천동점,,대구광역시,동구
557,대구동구율하점,,대구광역시,동구
558,대구동구효목점,,대구광역시,동구
559,대구북구고성동점,,대구광역시,북구
560,대구북구관음읍내동점,,대구광역시,북구
561,대구북구동서변점,,대구광역시,북구
562,대구북구만평점,,대구광역시,서구
563,대구북구복현검단점,,대구광역시,북구
564,대구북구사수금호점,,대구광역시,북구
565,대구북구칠곡1점,,대구광역시,북구
566,대구북구칠성점,,대구광역시,북구
567,대구북구태전점[B],,대구광역시,북구
568,대구서구내당대신동점,,대구광역시,서구
569,대구서구평리점,,대구광역시,서구
570,대구수성구범물점,,대구광역시,수성구
571,대구수성구범어점,,대구광역시,수성구
572,대구수성구상동점,,대구광역시,수성구
573,대구수성구수성점[B],,대구광역시,수성구
574,대구수성구시지1점,,대구광역시,수성구
575,대구수성구시지사월점,,대구광역시,수성구
576,대구수성구지산점,,대구광역시,수성구
577,대구수성구황금점,,대구광역시,수성구
578,대구중구동성로점,,대구광역시,중구
579,대전대덕구법동점,,대전광역시,대덕구
580,대전대덕구송촌점[B],,대전광역시,대덕구
581,대전대덕구신탄진점,,대전광역시,대덕구
582,대전동구가양비래점,,대전광역시,동구
583,대전동구가오점,,대전광역시,동구
584,대전동구용운판암점,,대전광역시,동구
585,대전동구우송대점,,대전광역시,동구
586,대전동구한남대막시무스점,,대전광역시,동구
587,대전서구가장내동점,,대전광역시,서구
588,대전서구갈마점,,대전광역시,서구
589,대전서구도마점,,대전광역시,서구
590,대전서구도안신도시점,,대전광역시,서구
591,대전서구둔산점,,대전광역시,서구
592,대전서구만년점,,대전광역시,서구
593,대전서구월평점,,대전광역시,서구
594,대전서구탄방점,,대전광역시,서구
595,대전서구행복점,,대전광역시,서구
596,대전유성구궁동어은점[B],,대전광역시,유성구
597,대전유성구노은점,,대전광역시,유성구
598,대전유성구봉명구암점,,대전광역시,유성구
599,대전유성구송강봉산점,,대전광역시,유성구
600,대전유성구신성자운점,,대전광역시,유성구
601,대전유성구원내점,,대전광역시,유성구
602,대전유성구전민점,,대전광역시,유성구
603,대전유성구테크노점,,대전광역시,유성구
604,대전유성구학하덕명점,,대전광역시,유성구
605,대전중구문화점,,대전광역시,중구
606,대전중구부사점,,대전광역시,중구
607,대전중구중촌목동점,,대전광역시,중구
608,대전중구태평점,,대전광역시,중구
609,부산강서구강서구청점,,부산광역시,강서구
610,부산강서구명지국제신도시점,,부산광역시,강서구
611,부산강서구명지오션시티점,,부산광역시,강서구
612,부산금정구구서1점,,부산광역시,금정구
613,부산금정구남산점,,부산광역시,금정구
614,부산금정구부곡1점,,부산광역시,금정구
615,부산금정구부곡행복점,,부산광역시,금정구
616,부산금정구부산대점,,부산광역시,금정구
617,부산금정구서동점,,부산광역시,금정구
618,부산기장군기장점,,부산광역시,기장군
619,부산기장군정관점,,부산광역시,기장군
620,부산남구감만점,,부산광역시,남구
621,부산남구대연못골점,,부산광역시,남구
622,부산남구대연점,,부산광역시,남구
623,부산남구문현점,,부산광역시,남구
624,부산남구용호점,,부산광역시,남구
625,부산남구용호행복점,,부산광역시,남구
626,부산동구범일점,,부산광역시,동구
627,부산동구초량점,,부산광역시,동구
628,부산동래구명장점,,부산광역시,동래구
629,부산동래구사직1점,,부산광역시,동래구
630,부산동래구수민점,,부산광역시,동래구
631,부산동래구안락1점,,부산광역시,동래구
632,부산동래구온천3동점,,부산광역시,동래구
633,부산동래구온천점,,부산광역시,동래구
634,부산부산진구가야개금1점,,부산광역시,부산진구
635,부산부산진구가야당감점,,부산광역시,부산진구
636,부산부산진구당감부암1점,,부산광역시,부산진구
637,부산부산진구범천점,,부산광역시,부산진구
638,부산부산진구신개금점,,부산광역시,부산진구
639,부산부산진구양정점,,부산광역시,부산진구
640,부산부산진구전포점,,부산광역시,부산진구
641,부산부산진구초읍연지점,,부산광역시,부산진구
642,부산북구구포1점,,부산광역시,북구
643,부산북구금곡점,,부산광역시,북구
644,부산북구덕천점,,부산광역시,북구
645,부산북구만덕점,,부산광역시,북구
646,부산북구화명2점,,부산광역시,북구
647,부산사상구괘법점,,부산광역시,사상구
648,부산사상구모덕점,,부산광역시,사상구
649,부산사상구모라1점,,부산광역시,사상구
650,부산사상구신주례점,,부산광역시,사상구
651,부산사상구주례점,,부산광역시,사상구
652,부산사상구학장엄궁점,,부산광역시,사상구
653,부산사하구괴정1점,,부산광역시,사하구
654,부산사하구괴정행복점,,부산광역시,사하구
655,부산사하구구평감천점,,부산광역시,사하구
656,부산사하구다대1점,,부산광역시,사하구
657,부산사하구다대2점,,부산광역시,사하구
658,부산사하구당리점,,부산광역시,사하구
659,부산사하구신평점,,부산광역시,사하구
660,부산사하구하단점[B],,부산광역시,사하구
661,부산서구대신점,,부산광역시,서구
662,부산서구부민충무점,,부산광역시,서구
663,부산수영구광안1점,,부산광역시,수영구
664,부산수영구남천점,,부산광역시,수영구
665,부산수영구망미점,,부산광역시,수영구
666,부산연제구거제점,,부산광역시,연제구
667,부산연제구시청점,,부산광역시,연제구
668,부산연제구연산로타리점,,부산광역시,연제구
669,부산연제구연산토곡점,,부산광역시,연제구
670,부산영도구남항점,,부산광역시,영도구
671,부산영도구동삼점,,부산광역시,영도구
672,부산영도구청학점,,부산광역시,영도구
673,부산중구중부산점,,부산광역시,중구
674,부산해운대구반송1점,,부산광역시,해운대구
675,부산해운대구반여2점,,부산광역시,해운대구
676,부산해운대구벡스코점,,부산광역시,해운대구
677,부산해운대구센텀점,,부산광역시,해운대구
678,부산해운대구송정점,,부산광역시,해운대구
679,부산해운대구우1점,,부산광역시,해운대구
680,부산해운대구재송반여점,,부산광역시,해운대구
681,부산해운대구해운대신도시1호점,,부산광역시,해운대구
682,부산해운대구해운대중동점,,부산광역시,해운대구
683,부산해운대구해운대행복점,,부산광역시,해운대구
684,서울강남구개포1점,,서울특별시,강남구
685,서울강남구논현1점,,서울특별시,강남구
686,서울강남구대치점,,서울특별시,강남구
687,서울강남구도곡점,,서울특별시,강남구
688,서울강남구세곡자곡점,,서울특별시,강남구
689,서울강남구수서점,,서울특별시,강남구
690,서울강남구신사점,,서울특별시,강남구
691,서울강남구역삼1점,,서울특별시,강남구
692,서울강남구역삼충현점,,서울특별시,강남구
693,서울강남구일원점,,서울특별시,강남구
694,서울강남구청담점,,서울특별시,강남구
695,서울강동구강일점,,서울특별시,강동구
696,서울강동구길동1점,,서울특별시,강동구
697,서울강동구길동2점,,서울특별시,강동구
698,서울강동구둔촌점,,서울특별시,강동구
699,서울강동구명일점[B],,서울특별시,강동구
700,서울강동구성내1점,,서울특별시,강동구
701,서울강동구암사2점,,서울특별시,강동구
702,서울강동구천호1점,,서울특별시,강동구
703,서울강동구천호2동점,,서울특별시,강동구
704,서울강북구미아점,,서울특별시,강북구
705,서울강북구번동점,,서울특별시,강북구
706,서울강북구삼각산점,,서울특별시,강북구
707,서울강북구수유2점,,서울특별시,강북구
708,서울강북구수유점,,서울특별시,강북구
709,서울강서구가양1점[B],,서울특별시,강서구
710,서울강서구까치산점,,서울특별시,강서구
711,서울강서구등촌2동점,,서울특별시,강서구
712,서울강서구등촌3동점,,서울특별시,강서구
713,서울강서구방화1점,,서울특별시,강서구
714,서울강서구방화2점,,서울특별시,강서구
715,서울강서구수명산파크점,,서울특별시,강서구
716,서울강서구염창점,,서울특별시,강서구
717,서울강서구화곡1동점,,서울특별시,강서구
718,서울강서구화곡남부시장점,,서울특별시,강서구
719,서울강서구화곡본동점,,서울특별시,강서구
720,서울관악구관악구청점,,서울특별시,관악구
721,서울관악구난곡점,,서울특별시,관악구
722,서울관악구봉천점,,서울특별시,관악구
723,서울관악구봉천중앙점,,서울특별시,관악구
724,서울관악구봉천현대점[B],,서울특별시,관악구
725,서울관악구신림2점,,서울특별시,관악구
726,서울관악구신림남부점,,서울특별시,관악구
727,서울관악구신림점,,서울특별시,관악구
728,서울관악구인헌점,,서울특별시,관악구
729,서울광진구구의3점,,서울특별시,광진구
730,서울광진구군자송정점,,서울특별시,광진구
731,서울광진구어린이대공원점,,서울특별시,광진구
732,서울광진구자양2점,,서울특별시,광진구
733,서울광진구자양점,,서울특별시,광진구
734,서울광진구중곡1점,,서울특별시,광진구
735,서울광진구중곡2점,,서울특별시,광진구
736,서울광진구화양점,,서울특별시,광진구
737,서울구로구개봉점[B],,서울특별시,구로구
738,서울구로구고척1점,,서울특별시,구로구
739,서울구로구고척스카이돔점,,서울특별시,구로구
740,서울구로구구로1점,,서울특별시,구로구
741,서울구로구구로시장점,,서울특별시,구로구
742,서울구로구구로테크노마트점,,서울특별시,구로구
743,서울구로구근린공원점,,서울특별시,구로구
744,서울구로구남구로점,,서울특별시,구로구
745,서울구로구신도림점,,서울특별시,구로구
746,서울구로구오류1점,,서울특별시,구로구
747,서울금천구가산독산1동점,,서울특별시,금천구
748,서울금천구금천점,,서울특별시,금천구
749,서울금천구독산점,,서울특별시,금천구
750,서울금천구시흥2점,,서울특별시,금천구
751,서울노원구공릉점,,서울특별시,노원구
752,서울노원구상계1점,,서울특별시,노원구
753,서울노원구상계2점,,서울특별시,노원구
754,서울노원구상계마들점,,서울특별시,노원구
755,서울노원구상계중앙점,,서울특별시,노원구
756,서울노원구중계2동점,,서울특별시,노원구
757,서울노원구중계4동점,,서울특별시,노원구
758,서울노원구하계1점,,서울특별시,노원구
759,서울도봉구도봉1점,,서울특별시,도봉구
760,서울도봉구도봉산역점,,서울특별시,도봉구
761,서울도봉구방학1점,,서울특별시,도봉구
762,서울도봉구방학2점,,서울특별시,도봉구
763,서울도봉구신창점,,서울특별시,도봉구
764,서울도봉구쌍문점,,서울특별시,도봉구
765,서울도봉구창동점,,서울특별시,도봉구
766,서울동대문구신이문점,,서울특별시,동대문구
767,서울동대문구용두1호점,,서울특별시,동대문구
768,서울동대문구장안점,,서울특별시,동대문구
769,서울동대문구전농2점,,서울특별시,동대문구
770,서울동대문구전농점,,서울특별시,동대문구
771,서울동대문구청량리점,,서울특별시,동대문구
772,서울동대문구회기점,,서울특별시,동대문구
773,서울동대문구휘경1점,,서울특별시,동대문구
774,서울동작구노량진점,,서울특별시,동작구
775,서울동작구대방점,,서울특별시,동작구
776,서울동작구사당이수점,,서울특별시,동작구
777,서울동작구상도1점,,서울특별시,동작구
778,서울동작구상도2호점,,서울특별시,동작구
779,서울동작구신대방점,,서울특별시,동작구
780,서울동작구중대점,,서울특별시,동작구
781,서울동작구총신대점,,서울특별시,동작구
782,서울마포구공덕점,,서울특별시,마포구
783,서울마포구광흥창역점,,서울특별시,마포구
784,서울마포구마포역점,,서울특별시,마포구
785,서울마포구망원점,,서울특별시,마포구
786,서울마포구상암점[B],,서울특별시,마포구
787,서울마포구서교점,,서울특별시,마포구
788,서울마포구성산점,,서울특별시,마포구
789,서울마포구염리점,,서울특별시,마포구
790,서울마포구홍대역점,,서울특별시,마포구
791,서울서대문구남가좌점,,서울특별시,서대문구
792,서울서대문구북가좌2점,,서울특별시,서대문구
793,서울서대문구연대점,,서울특별시,서대문구
794,서울서대문구연희점,,서울특별시,서대문구
795,서울서대문구이대역점,,서울특별시,서대문구
796,서울서대문구홍은1점,,서울특별시,서대문구
797,서울서대문구홍제1점,,서울특별시,서대문구
798,서울서초구반포1점,,서울특별시,서초구
799,서울서초구반포2점,,서울특별시,서초구
800,서울서초구방배1호점,,서울특별시,서초구
801,서울서초구방배본동점,,서울특별시,서초구
802,서울서초구서초1호점,,서울특별시,서초구
803,서울서초구서초2점,,서울특별시,서초구
804,서울서초구서초중앙점,,서울특별시,서초구
805,서울서초구양재점,,서울특별시,서초구
806,서울서초구우면점,,서울특별시,서초구
807,서울서초구잠원점,,서울특별시,서초구
808,서울성동구금호점,,서울특별시,성동구
809,서울성동구성수2가점,,서울특별시,성동구
810,서울성동구한양점,,서울특별시,성동구
811,서울성동구행당1점,,서울특별시,성동구
812,서울성북구길음점,,서울특별시,성북구
813,서울성북구동소문점,,서울특별시,성북구
814,서울성북구보문점,,서울특별시,성북구
815,서울성북구석관점[B],,서울특별시,성북구
816,서울성북구성신여대점[B],,서울특별시,성북구
817,서울성북구월곡점,,서울특별시,성북구
818,서울성북구장위2동점,,서울특별시,성북구
819,서울성북구정릉점,,서울특별시,성북구
820,서울성북구종암점[B],,서울특별시,성북구
821,서울송파구가락2점,,서울특별시,송파구
822,서울송파구가락점,,서울특별시,송파구
823,서울송파구거여점,,서울특별시,송파구
824,서울송파구문정장지점,,서울특별시,송파구
825,서울송파구삼전점,,서울특별시,송파구
826,서울송파구석촌점,,서울특별시,송파구
827,서울송파구송파방이2점,,서울특별시,송파구
828,서울송파구오금점[B],,서울특별시,송파구
829,서울송파구위례점,,서울특별시,송파구
830,서울송파구잠실1점,,서울특별시,송파구
831,서울송파구잠실본점,,서울특별시,송파구
832,서울송파구잠실새내역점,,서울특별시,송파구
833,서울송파구풍납점,,서울특별시,송파구
834,서울양천구목4동점,,서울특별시,양천구
835,서울양천구신월1동점,,서울특별시,양천구
836,서울양천구신월2점,,서울특별시,양천구
837,서울양천구신월점,,서울특별시,양천구
838,서울양천구신정1동점,,서울특별시,양천구
839,서울양천구신정점,,서울특별시,양천구
840,서울양천구양천구청점,,서울특별시,양천구
841,서울양천구화곡3동점,,서울특별시,양천구
842,서울영등포구대림3점,,서울특별시,영등포구
843,서울영등포구대림점[B],,서울특별시,영등포구
844,서울영등포구문래점,,서울특별시,영등포구
845,서울영등포구신길점,,서울특별시,영등포구
846,서울영등포구신풍역점,,서울특별시,영등포구
847,서울영등포구양평점,,서울특별시,영등포구
848,서울영등포구여의도2호점,,서울특별시,영등포구
849,서울영등포구여의도점,,서울특별시,영등포구
850,서울영등포구영등포점,,서울특별시,영등포구
851,서울영등포구영등포푸르지오점,,서울특별시,영등포구
852,서울용산구보광점,,서울특별시,용산구
853,서울용산구숙대점,,서울특별시,용산구
854,서울용산구원효점,,서울특별시,용산구
855,서울용산구이촌점,,서울특별시,용산구
856,서울은평구갈현1점,,서울특별시,은평구
857,서울은평구구산점,,서울특별시,은평구
858,서울은평구녹번점,,서울특별시,은평구
859,서울은평구대조점,,서울특별시,은평구
860,서울은평구불광점,,서울특별시,은평구
861,서울은평구신사점,,서울특별시,은평구
862,서울은평구역촌점,,서울특별시,은평구
863,서울은평구응암점,,서울특별시,은평구
864,서울종로구광화문점[B],,서울특별시,종로구
865,서울종로구독립문점,,서울특별시,종로구
866,서울종로구종로점,,서울특별시,종로구
867,서울종로구창신점[B],,서울특별시,종로구
868,서울종로구혜화점,,서울특별시,종로구
869,서울중구신당2점,,서울특별시,중구
870,서울중구을지로점,,서울특별시,중구
871,서울중구중림점,,서울특별시,중구
872,서울중랑구망우점,,서울특별시,중랑구
873,서울중랑구면목1동점,,서울특별시,중랑구
874,서울중랑구면목2점,,서울특별시,중랑구
875,서울중랑구면목3점,,서울특별시,중랑구
876,서울중랑구묵2동점,,서울특별시,중랑구
877,서울중랑구상봉1점,,서울특별시,중랑구
878,서울중랑구신내1점,,서울특별시,중랑구
879,서울중랑구용마산역점,,서울특별시,중랑구
880,서울중랑구중화점,,서울특별시,중랑구
881,세종시아름동아름점,,세종특별자치시,세종시
882,세종시한솔동세종첫마을점,,세종특별자치시,세종시
883,울산남구달동점,,울산광역시,남구
884,울산남구무거2호점,,울산광역시,남구
885,울산남구삼산점,,울산광역시,남구
886,울산남구신정점,,울산광역시,남구
887,울산남구야음2점,,울산광역시,남구
888,울산남구야음점,,울산광역시,남구
889,울산남구옥동점,,울산광역시,남구
890,울산남구울산대점,,울산광역시,남구
891,울산동구남목점,,울산광역시,중구
892,울산동구방어점,,울산광역시,동구
893,울산동구전하점,,울산광역시,동구
894,울산동구화정점[B],,울산광역시,동구
895,울산북구강동점,,울산광역시,북구
896,울산북구아진점,,울산광역시,북구
897,울산북구양정점,,울산광역시,남구
898,울산북구호계점,,울산광역시,북구
899,울산북구화봉점[B],,울산광역시,북구
900,울산울주군구영점,,울산광역시,울주군
901,울산울주군남창점,,울산광역시,울주군
902,울산울주군언양점[B],,울산광역시,울주군
903,울산중구다운점,,울산광역시,중구
904,울산중구반구점,,울산광역시,중구
905,울산중구병영점,,울산광역시,중구
906,울산중구약사점,,울산광역시,중구
907,울산중구우정점,,울산광역시,중구
908,울산중구우정혁신점,,울산광역시,중구
909,인천강화군강화1점,,인천광역시,강화군
910,인천계양구계산점,,인천광역시,계양구
911,인천계양구계산중앙점[B],,인천광역시,계양구
912,인천계양구계양점,,인천광역시,계양구
913,인천계양구동양점,,인천광역시,계양구
914,인천계양구작전점,,인천광역시,계양구
915,인천계양구효성점[B],,인천광역시,계양구
916,인천남구문학관교점,,인천광역시,남구
917,인천남구용현점,,인천광역시,남구
918,인천남구제물포점,,인천광역시,남구
919,인천남구주안2점,,인천광역시,남구
920,인천남구주안역점,,인천광역시,남구
921,인천남구주안점,,인천광역시,남구
922,인천남구학익점,,인천광역시,남구
923,인천남동구간석점[B],,인천광역시,남동구
924,인천남동구구월점,,인천광역시,남동구
925,인천남동구논현점,,인천광역시,남동구
926,인천남동구논현택지점[B],,인천광역시,남동구
927,인천남동구만수1점,,인천광역시,남동구
928,인천남동구만수2점,,인천광역시,남동구
929,인천남동구서창1점,,인천광역시,남동구
930,인천동구동인천송현점,,인천광역시,동구
931,인천동구송림점,,인천광역시,동구
932,인천부평구갈산점[B],,인천광역시,부평구
933,인천부평구부개점,,인천광역시,부평구
934,인천부평구부일점,,인천광역시,부평구
935,인천부평구부평남부점,,인천광역시,부평구
936,인천부평구부평롯데점,,인천광역시,부평구
937,인천부평구부평중앙점,,인천광역시,부평구
938,인천부평구산곡점,,인천광역시,부평구
939,인천부평구삼산1동점,,인천광역시,부평구
940,인천부평구십정점,,인천광역시,부평구
941,인천부평구청천점,,인천광역시,부평구
942,인천서구가좌점,,인천광역시,서구
943,인천서구검암점,,인천광역시,서구
944,인천서구당하점,,인천광역시,서구
945,인천서구마전점,,인천광역시,서구
946,인천서구석남점,,인천광역시,서구
947,인천서구신현점[B],,인천광역시,서구
948,인천서구연희점,,인천광역시,서구
949,인천서구청라1호점,,인천광역시,서구
950,인천연수구동춘점,,인천광역시,연수구
951,인천연수구선학점,,인천광역시,연수구
952,인천연수구송도3동점,,인천광역시,연수구
953,인천연수구송도신도시점,,인천광역시,연수구
954,인천연수구연수2동3동점,,인천광역시,연수구
955,인천연수구옥련점[B],,인천광역시,연수구
956,인천연수구청학점,,인천광역시,연수구
957,인천옹진군백령점,,인천광역시,옹진군
958,인천중구운서점,,인천광역시,중구
959,인천중구월미점,,인천광역시,중구
960,인천중구하늘도시점,,인천광역시,중구
961,전남고흥군고흥점,,전라남도,고흥군
962,전남고흥군녹동점,,전라남도,고흥군
963,전남광양시광양점,,전라남도,광양시
964,전남광양시광양제철점,,전라남도,광양시
965,전남광양시광영점,,전라남도,광양시
966,전남광양시마동점,,전라남도,광양시
967,전남광양시중동점,,전라남도,광양시
968,전남구례군구례지리산온천점,,전라남도,구례군
969,전남나주시나주점,,전라남도,나주시
970,전남나주시나주혁신도시점,,전라남도,나주시
971,전남나주시영산포점,,전라남도,나주시
972,전남담양군담양점,,전라남도,담양군
973,전남목포시삼학점,,전라남도,목포시
974,전남목포시석현점[B],,전라남도,목포시
975,전남목포시연산점,,전라남도,목포시
976,전남목포시용해점,,전라남도,목포시
977,전남목포시하당1점,,전라남도,목포시
978,전남목포시하당2점,,전라남도,목포시
979,전남무안군남악점,,전라남도,무안군
980,전남무안군무안점,,전라남도,무안군
981,전남보성군벌교점,,전라남도,보성군
982,전남보성군보성점,,전라남도,보성군
983,전남순천시금당지구점,,전라남도,순천시
984,전남순천시남제점,,전라남도,순천시
985,전남순천시삼산점,,전라남도,순천시
986,전남순천시신대점,,전라남도,순천시
987,전남순천시연향점,,전라남도,순천시
988,전남순천시왕지점,,전라남도,순천시
989,전남순천시조례점,,전라남도,순천시
990,전남순천시중앙점,,전라남도,순천시
991,전남여수시국동점,,전라남도,여수시
992,전남여수시둔덕점,,전라남도,여수시
993,전남여수시무선지구점,,전라남도,여수시
994,전남여수시서교점,,전라남도,여수시
995,전남여수시신기점,,전라남도,여수시
996,전남여수시안산점,,전라남도,여수시
997,전남여수시여서점,,전라남도,여수시
998,전남영광군영광점,,전라남도,영광군
999,전남영암군삼호점,,전라남도,영암군
1000,전남완도군완도점,,전라남도,완도군
1001,전남장흥군장흥점,,전라남도,장흥군
1002,전남진도군진도점,,전라남도,진도군
1003,전남함평군함평점,,전라남도,함평군
1004,전남해남군우수영점,,전라남도,해남군
1005,전남해남군해남점,,전라남도,해남군
1006,전남화순군화순점,,전라남도,화순군
1007,전북고창군고창점,,전라북도,고창군
1008,전북군산시군산대점,,전라북도,군산시
1009,전북군산시나운1점,,전라북도,군산시
1010,전북군산시나운2점,,전라북도,군산시
1011,전북군산시소룡산북점,,전라북도,군산시
1012,전북군산시수송점,,전라북도,군산시
1013,전북군산시오식도점,,전라북도,군산시
1014,전북군산시옥서점,,전라북도,군산시
1015,전북군산시조촌점,,전라북도,군산시
1016,전북군산시중앙점,,전라북도,군산시
1017,전북김제시김제점,,전라북도,김제시
1018,전북남원시남원점,,전라북도,남원시
1019,전북무주군무주스키점,,전라북도,무주군
1020,전북무주군무주점,,전라북도,무주군
1021,전북부안읍부안점,,전라북도,부안군
1022,전북완주군봉동3공단점,,전라북도,완주군
1023,전북완주군삼례우석대점,,전라북도,완주군
1024,전북완주군혁신점,,전라북도,완주군
1025,전북익산시동산점,,전라북도,익산시
1026,전북익산시모현점,,전라북도,익산시
1027,전북익산시부송점,,전라북도,익산시
1028,전북익산시신동남중점,,전라북도,익산시
1029,전북익산시영등점,,전라북도,익산시
1030,전북익산시함열점,,전라북도,익산시
1031,전북전주시덕진전북대점,,전라북도,전주시
1032,전북전주시동산점,,전라북도,전주시
1033,전북전주시삼천점,,전라북도,전주시
1034,전북전주시서곡점,,전라북도,전주시
1035,전북전주시서신점,,전라북도,전주시
1036,전북전주시서학중앙점[B],,전라북도,전주시
1037,전북전주시송천점,,전라북도,전주시
1038,전북전주시아중점,,전라북도,전주시
1039,전북전주시전주대점,,전라북도,전주시
1040,전북전주시중화산점,,전라북도,전주시
1041,전북전주시진북인후점,,전라북도,전주시
1042,전북전주시평화1점,,전라북도,전주시
1043,전북전주시호성점,,전라북도,전주시
1044,전북전주시효자점,,전라북도,전주시
1045,전북정읍시수성점,,전라북도,정읍시
1046,전북정읍시시기점,,전라북도,정읍시
1047,제주서귀포시강정해군기지점,,제주특별자치도,서귀포시
1048,제주서귀포시대정점,,제주특별자치도,서귀포시
1049,제주서귀포시서귀포1점,,제주특별자치도,서귀포시
1050,제주서귀포시서귀포2호점,,제주특별자치도,서귀포시
1051,제주서귀포시성산점,,제주특별자치도,서귀포시
1052,제주서귀포시신시가지점,,제주특별자치도,서귀포시
1053,제주서귀포시중문점,,제주특별자치도,서귀포시
1054,제주서귀포시표선점,,제주특별자치도,서귀포시
1055,제주서귀포시화순안덕점,,제주특별자치도,서귀포시
1056,제주제주시노형점,,제주특별자치도,제주시
1057,제주제주시도남점,,제주특별자치도,제주시
1058,제주제주시아라점,,제주특별자치도,제주시
1059,제주제주시연동점,,제주특별자치도,제주시
1060,제주제주시외도점,,제주특별자치도,제주시
1061,제주제주시용담점,,제주특별자치도,제주시
1062,제주제주시일도점,,제주특별자치도,제주시
1063,제주제주시조천함덕점,,제주특별자치도,제주시
1064,제주제주시한림점,,제주특별자치도,제주시
1065,제주제주시화북삼양점,,제주특별자치도,제주시
1066,충남계룡시계룡점,,충청남도,계룡시
1067,충남공주시금학점,,충청남도,공주시
1068,충남공주시신관점,,충청남도,공주시
1069,충남금산군금산점[B],,충청남도,금산군
1070,충남논산시논산1점[B],,충청남도,논산시
1071,충남논산시논산항공학교,,충청남도,논산시
1072,충남논산시연무점,,충청남도,논산시
1073,충남당진군당진점,,충청남도,당진군
1074,충남당진군합덕점,,충청남도,당진군
1075,충남당진시당진2점,,충청남도,당진군
1076,충남당진시석문점,,충청남도,당진군
1077,충남당진시송악점,,충청남도,당진군
1078,충남보령시대천점,,충청남도,보령시
1079,충남보령시대천해수욕장점,,충청남도,보령시
1080,충남보령시무창포해수욕장점,,충청남도,보령시
1081,충남부여군부여점,,충청남도,부여군
1082,충남서산시동문점,,충청남도,서산시
1083,충남서산시성연점,,충청남도,서산시
1084,충남서산시읍내점,,충청남도,서산시
1085,충남서천군서면점,,충청남도,서천군
1086,충남서천군서천점[B],,충청남도,서천군
1087,충남아산시배방점,,충청남도,아산시
1088,충남아산시신창점,,충청남도,아산시
1089,충남아산시영인점,,충청남도,아산시
1090,충남아산시온천점,,충청남도,아산시
1091,충남아산시용화점,,충청남도,아산시
1092,충남아산시음봉점,,충청남도,아산시
1093,충남아산시장재점,,충청남도,아산시
1094,충남아산시장존점,,충청남도,아산시
1095,충남연기군조치원점,,세종특별자치시,세종시
1096,충남예산군삽교점,,충청남도,예산군
1097,충남예산군예산점,,충청남도,예산군
1098,충남천안시구성점,,충청남도,천안시
1099,충남천안시두정1점,,충청남도,천안시
1100,충남천안시두정대아점,,충청남도,천안시
1101,충남천안시목천신계점,,충청남도,천안시
1102,충남천안시병천북면점,,충청남도,천안시
1103,충남천안시불당점,,충청남도,천안시
1104,충남천안시신방1점,,충청남도,천안시
1105,충남천안시신방초원점,,충청남도,천안시
1106,충남천안시신방통정점,,충청남도,천안시
1107,충남천안시신부점,,충청남도,천안시
1108,충남천안시쌍봉점,,충청남도,천안시
1109,충남천안시쌍용1점,,충청남도,천안시
1110,충남천안시안서점,,충청남도,천안시
1111,충남천안시입장점,,충청남도,천안시
1112,충남천안시직산점,,충청남도,천안시
1113,충남태안군안면점,,충청남도,태안군
1114,충남태안군태안1점,,충청남도,태안군
1115,충남홍성군내포신도시점,,충청남도,홍성군
1116,충남홍성군홍성점,,충청남도,홍성군
1117,충북괴산군괴산점,,충청북도,괴산군
1118,충북단양군단양점,,충청북도,단양군
1119,충북단양군매포읍점,,충청북도,단양군
1120,충북보은군보은점,,충청북도,보은군
1121,충북영동군영동점,,충청북도,영동군
1122,충북옥천군옥천점,,충청북도,옥천군
1123,충북음성군금왕점[B],,충청북도,음성군
1124,충북음성군대소점,,충청북도,음성군
1125,충북음성군맹동점,,충청북도,음성군
1126,충북음성군맹동혁신도시점,,충청북도,음성군
1127,충북음성군삼성점[B],,충청북도,음성군
1128,충북음성군생극점,,충청북도,음성군
1129,충북음성군음성점,,충청북도,음성군
1130,충북제천시강제점,,충청북도,제천시
1131,충북제천시신백점,,충청북도,제천시
1132,충북제천시제천1점,,충청북도,제천시
1133,충북제천시청전점,,충청북도,제천시
1134,충북증평군증평점,,충청북도,증평군
1135,충북진천군광혜원점[B],,충청북도,진천군
1136,충북진천군덕산점[B],,충청북도,진천군
1137,충북진천군진천점,,충청북도,진천군
1138,충북청주시가경1점,,충청북도,청주시
1139,충북청주시강내점,,충청북도,청주시
1140,충북청주시강서가경2점[B],,충청북도,청주시
1141,충북청주시개신점,,충청북도,청주시
1142,충북청주시내수점,,충청북도,청주시
1143,충북청주시봉명점,,충청북도,청주시
1144,충북청주시분평점[B],,충청북도,청주시
1145,충북청주시사직점,,충청북도,청주시
1146,충북청주시사천점,,충청북도,청주시
1147,충북청주시산남3지구성화점,,충청북도,청주시
1148,충북청주시산남점,,충청북도,청주시
1149,충북청주시오송점,,충청북도,청주시
1150,충북청주시오창점,,충청북도,청주시
1151,충북청주시용담광장점,,충청북도,청주시
1152,충북청주시용암2점[B],,충청북도,청주시
1153,충북청주시용암점,,충청북도,청주시
1154,충북청주시율량점,,충청북도,청주시
1155,충북청주시청대점,,충청북도,청주시
1156,충북청주시하복대점,,충청북도,청주시
1157,충북충주시건대점,,충청북도,충주시
1158,충북충주시대소원면점,,충청북도,충주시
1159,충북충주시목행동량점,,충청북도,충주시
1160,충북충주시수안보점,,충청북도,충주시
1161,충북충주시신니면점,,충청북도,충주시
1162,충북충주시충주1점,,충청북도,충주시
1163,충북충주시충주2점,,충청북도,충주시
1164,충북충주시충주3점,,충청북도,충주시
1165,충북충주시칠금점,,충청북도,충주시
1166,충북충주시한국교통대점,,충청북도,충주시
